"","Site_ID","Dep","Begin_Date_loc","Behav","N_ves"
"1","ABE","PARKSAUSTRALIA_ABROLHOS_202306_ABE",2023-06-27,"Transit",0
"2","ABE","PARKSAUSTRALIA_ABROLHOS_202306_ABE",2023-06-27,"Maneuver",0
"3","ABE","PARKSAUSTRALIA_ABROLHOS_202306_ABE",2023-06-27,"Total",0
"4","ABE","PARKSAUSTRALIA_ABROLHOS_202306_ABE",2023-06-28,"Transit",0
"5","ABE","PARKSAUSTRALIA_ABROLHOS_202306_ABE",2023-06-28,"Maneuver",0
"6","ABE","PARKSAUSTRALIA_ABROLHOS_202306_ABE",2023-06-28,"Total",0
"7","ABE","PARKSAUSTRALIA_ABROLHOS_202306_ABE",2023-06-29,"Transit",0
"8","ABE","PARKSAUSTRALIA_ABROLHOS_202306_ABE",2023-06-29,"Maneuver",0
"9","ABE","PARKSAUSTRALIA_ABROLHOS_202306_ABE",2023-06-29,"Total",0
"10","ABE","PARKSAUSTRALIA_ABROLHOS_202306_ABE",2023-06-30,"Transit",0
"11","ABE","PARKSAUSTRALIA_ABROLHOS_202306_ABE",2023-06-30,"Maneuver",0
"12","ABE","PARKSAUSTRALIA_ABROLHOS_202306_ABE",2023-06-30,"Total",0
"13","ABE","PARKSAUSTRALIA_ABROLHOS_202306_ABE",2023-07-01,"Transit",0
"14","ABE","PARKSAUSTRALIA_ABROLHOS_202306_ABE",2023-07-01,"Maneuver",0
"15","ABE","PARKSAUSTRALIA_ABROLHOS_202306_ABE",2023-07-01,"Total",0
"16","ABE","PARKSAUSTRALIA_ABROLHOS_202306_ABE",2023-07-02,"Transit",0
"17","ABE","PARKSAUSTRALIA_ABROLHOS_202306_ABE",2023-07-02,"Maneuver",0
"18","ABE","PARKSAUSTRALIA_ABROLHOS_202306_ABE",2023-07-02,"Total",0
"19","ABE","PARKSAUSTRALIA_ABROLHOS_202306_ABE",2023-07-03,"Transit",0
"20","ABE","PARKSAUSTRALIA_ABROLHOS_202306_ABE",2023-07-03,"Maneuver",0
"21","ABE","PARKSAUSTRALIA_ABROLHOS_202306_ABE",2023-07-03,"Total",0
"22","ABE","PARKSAUSTRALIA_ABROLHOS_202306_ABE",2023-07-04,"Transit",0
"23","ABE","PARKSAUSTRALIA_ABROLHOS_202306_ABE",2023-07-04,"Maneuver",0
"24","ABE","PARKSAUSTRALIA_ABROLHOS_202306_ABE",2023-07-04,"Total",0
"25","ABE","PARKSAUSTRALIA_ABROLHOS_202306_ABE",2023-07-05,"Transit",0
"26","ABE","PARKSAUSTRALIA_ABROLHOS_202306_ABE",2023-07-05,"Maneuver",0
"27","ABE","PARKSAUSTRALIA_ABROLHOS_202306_ABE",2023-07-05,"Total",0
"28","ABE","PARKSAUSTRALIA_ABROLHOS_202306_ABE",2023-07-06,"Transit",0
"29","ABE","PARKSAUSTRALIA_ABROLHOS_202306_ABE",2023-07-06,"Maneuver",0
"30","ABE","PARKSAUSTRALIA_ABROLHOS_202306_ABE",2023-07-06,"Total",0
"31","ABE","PARKSAUSTRALIA_ABROLHOS_202306_ABE",2023-07-07,"Transit",0
"32","ABE","PARKSAUSTRALIA_ABROLHOS_202306_ABE",2023-07-07,"Maneuver",0
"33","ABE","PARKSAUSTRALIA_ABROLHOS_202306_ABE",2023-07-07,"Total",0
"34","ABE","PARKSAUSTRALIA_ABROLHOS_202306_ABE",2023-07-08,"Transit",0
"35","ABE","PARKSAUSTRALIA_ABROLHOS_202306_ABE",2023-07-08,"Maneuver",0
"36","ABE","PARKSAUSTRALIA_ABROLHOS_202306_ABE",2023-07-08,"Total",0
"37","ABE","PARKSAUSTRALIA_ABROLHOS_202306_ABE",2023-07-09,"Transit",0
"38","ABE","PARKSAUSTRALIA_ABROLHOS_202306_ABE",2023-07-09,"Maneuver",0
"39","ABE","PARKSAUSTRALIA_ABROLHOS_202306_ABE",2023-07-09,"Total",0
"40","ABE","PARKSAUSTRALIA_ABROLHOS_202306_ABE",2023-07-10,"Transit",0
"41","ABE","PARKSAUSTRALIA_ABROLHOS_202306_ABE",2023-07-10,"Maneuver",0
"42","ABE","PARKSAUSTRALIA_ABROLHOS_202306_ABE",2023-07-10,"Total",0
"43","ABE","PARKSAUSTRALIA_ABROLHOS_202306_ABE",2023-07-11,"Transit",2
"44","ABE","PARKSAUSTRALIA_ABROLHOS_202306_ABE",2023-07-11,"Maneuver",0
"45","ABE","PARKSAUSTRALIA_ABROLHOS_202306_ABE",2023-07-11,"Total",2
"46","ABE","PARKSAUSTRALIA_ABROLHOS_202306_ABE",2023-07-12,"Transit",0
"47","ABE","PARKSAUSTRALIA_ABROLHOS_202306_ABE",2023-07-12,"Maneuver",0
"48","ABE","PARKSAUSTRALIA_ABROLHOS_202306_ABE",2023-07-12,"Total",0
"49","ABE","PARKSAUSTRALIA_ABROLHOS_202306_ABE",2023-07-13,"Transit",1
"50","ABE","PARKSAUSTRALIA_ABROLHOS_202306_ABE",2023-07-13,"Maneuver",0
"51","ABE","PARKSAUSTRALIA_ABROLHOS_202306_ABE",2023-07-13,"Total",1
"52","ABE","PARKSAUSTRALIA_ABROLHOS_202306_ABE",2023-07-14,"Transit",0
"53","ABE","PARKSAUSTRALIA_ABROLHOS_202306_ABE",2023-07-14,"Maneuver",0
"54","ABE","PARKSAUSTRALIA_ABROLHOS_202306_ABE",2023-07-14,"Total",0
"55","ABE","PARKSAUSTRALIA_ABROLHOS_202306_ABE",2023-07-15,"Transit",0
"56","ABE","PARKSAUSTRALIA_ABROLHOS_202306_ABE",2023-07-15,"Maneuver",0
"57","ABE","PARKSAUSTRALIA_ABROLHOS_202306_ABE",2023-07-15,"Total",0
"58","ABE","PARKSAUSTRALIA_ABROLHOS_202306_ABE",2023-07-16,"Transit",1
"59","ABE","PARKSAUSTRALIA_ABROLHOS_202306_ABE",2023-07-16,"Maneuver",0
"60","ABE","PARKSAUSTRALIA_ABROLHOS_202306_ABE",2023-07-16,"Total",1
"61","ABE","PARKSAUSTRALIA_ABROLHOS_202306_ABE",2023-07-17,"Transit",0
"62","ABE","PARKSAUSTRALIA_ABROLHOS_202306_ABE",2023-07-17,"Maneuver",0
"63","ABE","PARKSAUSTRALIA_ABROLHOS_202306_ABE",2023-07-17,"Total",0
"64","ABE","PARKSAUSTRALIA_ABROLHOS_202306_ABE",2023-07-18,"Transit",0
"65","ABE","PARKSAUSTRALIA_ABROLHOS_202306_ABE",2023-07-18,"Maneuver",0
"66","ABE","PARKSAUSTRALIA_ABROLHOS_202306_ABE",2023-07-18,"Total",0
"67","ABE","PARKSAUSTRALIA_ABROLHOS_202306_ABE",2023-07-19,"Transit",0
"68","ABE","PARKSAUSTRALIA_ABROLHOS_202306_ABE",2023-07-19,"Maneuver",0
"69","ABE","PARKSAUSTRALIA_ABROLHOS_202306_ABE",2023-07-19,"Total",0
"70","ABE","PARKSAUSTRALIA_ABROLHOS_202306_ABE",2023-07-20,"Transit",0
"71","ABE","PARKSAUSTRALIA_ABROLHOS_202306_ABE",2023-07-20,"Maneuver",0
"72","ABE","PARKSAUSTRALIA_ABROLHOS_202306_ABE",2023-07-20,"Total",0
"73","ABE","PARKSAUSTRALIA_ABROLHOS_202306_ABE",2023-07-21,"Transit",0
"74","ABE","PARKSAUSTRALIA_ABROLHOS_202306_ABE",2023-07-21,"Maneuver",0
"75","ABE","PARKSAUSTRALIA_ABROLHOS_202306_ABE",2023-07-21,"Total",0
"76","ABE","PARKSAUSTRALIA_ABROLHOS_202306_ABE",2023-07-22,"Transit",0
"77","ABE","PARKSAUSTRALIA_ABROLHOS_202306_ABE",2023-07-22,"Maneuver",0
"78","ABE","PARKSAUSTRALIA_ABROLHOS_202306_ABE",2023-07-22,"Total",0
"79","ABE","PARKSAUSTRALIA_ABROLHOS_202306_ABE",2023-07-23,"Transit",0
"80","ABE","PARKSAUSTRALIA_ABROLHOS_202306_ABE",2023-07-23,"Maneuver",0
"81","ABE","PARKSAUSTRALIA_ABROLHOS_202306_ABE",2023-07-23,"Total",0
"82","ABE","PARKSAUSTRALIA_ABROLHOS_202306_ABE",2023-07-24,"Transit",0
"83","ABE","PARKSAUSTRALIA_ABROLHOS_202306_ABE",2023-07-24,"Maneuver",0
"84","ABE","PARKSAUSTRALIA_ABROLHOS_202306_ABE",2023-07-24,"Total",0
"85","ABE","PARKSAUSTRALIA_ABROLHOS_202306_ABE",2023-07-25,"Transit",0
"86","ABE","PARKSAUSTRALIA_ABROLHOS_202306_ABE",2023-07-25,"Maneuver",0
"87","ABE","PARKSAUSTRALIA_ABROLHOS_202306_ABE",2023-07-25,"Total",0
"88","ABE","PARKSAUSTRALIA_ABROLHOS_202306_ABE",2023-07-26,"Transit",0
"89","ABE","PARKSAUSTRALIA_ABROLHOS_202306_ABE",2023-07-26,"Maneuver",0
"90","ABE","PARKSAUSTRALIA_ABROLHOS_202306_ABE",2023-07-26,"Total",0
"91","ABE","PARKSAUSTRALIA_ABROLHOS_202306_ABE",2023-07-27,"Transit",0
"92","ABE","PARKSAUSTRALIA_ABROLHOS_202306_ABE",2023-07-27,"Maneuver",0
"93","ABE","PARKSAUSTRALIA_ABROLHOS_202306_ABE",2023-07-27,"Total",0
"94","ABE","PARKSAUSTRALIA_ABROLHOS_202306_ABE",2023-07-28,"Transit",0
"95","ABE","PARKSAUSTRALIA_ABROLHOS_202306_ABE",2023-07-28,"Maneuver",0
"96","ABE","PARKSAUSTRALIA_ABROLHOS_202306_ABE",2023-07-28,"Total",0
"97","ABE","PARKSAUSTRALIA_ABROLHOS_202306_ABE",2023-07-29,"Transit",0
"98","ABE","PARKSAUSTRALIA_ABROLHOS_202306_ABE",2023-07-29,"Maneuver",0
"99","ABE","PARKSAUSTRALIA_ABROLHOS_202306_ABE",2023-07-29,"Total",0
"100","ABE","PARKSAUSTRALIA_ABROLHOS_202306_ABE",2023-07-30,"Transit",0
"101","ABE","PARKSAUSTRALIA_ABROLHOS_202306_ABE",2023-07-30,"Maneuver",0
"102","ABE","PARKSAUSTRALIA_ABROLHOS_202306_ABE",2023-07-30,"Total",0
"103","ABE","PARKSAUSTRALIA_ABROLHOS_202306_ABE",2023-07-31,"Transit",0
"104","ABE","PARKSAUSTRALIA_ABROLHOS_202306_ABE",2023-07-31,"Maneuver",0
"105","ABE","PARKSAUSTRALIA_ABROLHOS_202306_ABE",2023-07-31,"Total",0
"106","ABE","PARKSAUSTRALIA_ABROLHOS_202306_ABE",2023-08-01,"Transit",0
"107","ABE","PARKSAUSTRALIA_ABROLHOS_202306_ABE",2023-08-01,"Maneuver",0
"108","ABE","PARKSAUSTRALIA_ABROLHOS_202306_ABE",2023-08-01,"Total",0
"109","ABE","PARKSAUSTRALIA_ABROLHOS_202306_ABE",2023-08-02,"Transit",0
"110","ABE","PARKSAUSTRALIA_ABROLHOS_202306_ABE",2023-08-02,"Maneuver",0
"111","ABE","PARKSAUSTRALIA_ABROLHOS_202306_ABE",2023-08-02,"Total",0
"112","ABE","PARKSAUSTRALIA_ABROLHOS_202306_ABE",2023-08-03,"Transit",0
"113","ABE","PARKSAUSTRALIA_ABROLHOS_202306_ABE",2023-08-03,"Maneuver",0
"114","ABE","PARKSAUSTRALIA_ABROLHOS_202306_ABE",2023-08-03,"Total",0
"115","ABE","PARKSAUSTRALIA_ABROLHOS_202306_ABE",2023-08-04,"Transit",0
"116","ABE","PARKSAUSTRALIA_ABROLHOS_202306_ABE",2023-08-04,"Maneuver",0
"117","ABE","PARKSAUSTRALIA_ABROLHOS_202306_ABE",2023-08-04,"Total",0
"118","ABE","PARKSAUSTRALIA_ABROLHOS_202306_ABE",2023-08-05,"Transit",0
"119","ABE","PARKSAUSTRALIA_ABROLHOS_202306_ABE",2023-08-05,"Maneuver",0
"120","ABE","PARKSAUSTRALIA_ABROLHOS_202306_ABE",2023-08-05,"Total",0
"121","ABE","PARKSAUSTRALIA_ABROLHOS_202306_ABE",2023-08-06,"Transit",0
"122","ABE","PARKSAUSTRALIA_ABROLHOS_202306_ABE",2023-08-06,"Maneuver",0
"123","ABE","PARKSAUSTRALIA_ABROLHOS_202306_ABE",2023-08-06,"Total",0
"124","ABE","PARKSAUSTRALIA_ABROLHOS_202306_ABE",2023-08-07,"Transit",0
"125","ABE","PARKSAUSTRALIA_ABROLHOS_202306_ABE",2023-08-07,"Maneuver",0
"126","ABE","PARKSAUSTRALIA_ABROLHOS_202306_ABE",2023-08-07,"Total",0
"127","ABE","PARKSAUSTRALIA_ABROLHOS_202306_ABE",2023-08-08,"Transit",0
"128","ABE","PARKSAUSTRALIA_ABROLHOS_202306_ABE",2023-08-08,"Maneuver",0
"129","ABE","PARKSAUSTRALIA_ABROLHOS_202306_ABE",2023-08-08,"Total",0
"130","ABE","PARKSAUSTRALIA_ABROLHOS_202306_ABE",2023-08-09,"Transit",0
"131","ABE","PARKSAUSTRALIA_ABROLHOS_202306_ABE",2023-08-09,"Maneuver",0
"132","ABE","PARKSAUSTRALIA_ABROLHOS_202306_ABE",2023-08-09,"Total",0
"133","ABE","PARKSAUSTRALIA_ABROLHOS_202306_ABE",2023-08-10,"Transit",0
"134","ABE","PARKSAUSTRALIA_ABROLHOS_202306_ABE",2023-08-10,"Maneuver",0
"135","ABE","PARKSAUSTRALIA_ABROLHOS_202306_ABE",2023-08-10,"Total",0
"136","ABE","PARKSAUSTRALIA_ABROLHOS_202306_ABE",2023-08-11,"Transit",1
"137","ABE","PARKSAUSTRALIA_ABROLHOS_202306_ABE",2023-08-11,"Maneuver",0
"138","ABE","PARKSAUSTRALIA_ABROLHOS_202306_ABE",2023-08-11,"Total",1
"139","ABE","PARKSAUSTRALIA_ABROLHOS_202306_ABE",2023-08-12,"Transit",0
"140","ABE","PARKSAUSTRALIA_ABROLHOS_202306_ABE",2023-08-12,"Maneuver",0
"141","ABE","PARKSAUSTRALIA_ABROLHOS_202306_ABE",2023-08-12,"Total",0
"142","ABW","PARKSAUSTRALIA_ABROLHOS_202306_ABW",2023-06-27,"Transit",0
"143","ABW","PARKSAUSTRALIA_ABROLHOS_202306_ABW",2023-06-27,"Maneuver",0
"144","ABW","PARKSAUSTRALIA_ABROLHOS_202306_ABW",2023-06-27,"Total",0
"145","ABW","PARKSAUSTRALIA_ABROLHOS_202306_ABW",2023-06-28,"Transit",1
"146","ABW","PARKSAUSTRALIA_ABROLHOS_202306_ABW",2023-06-28,"Maneuver",0
"147","ABW","PARKSAUSTRALIA_ABROLHOS_202306_ABW",2023-06-28,"Total",1
"148","ABW","PARKSAUSTRALIA_ABROLHOS_202306_ABW",2023-06-29,"Transit",0
"149","ABW","PARKSAUSTRALIA_ABROLHOS_202306_ABW",2023-06-29,"Maneuver",0
"150","ABW","PARKSAUSTRALIA_ABROLHOS_202306_ABW",2023-06-29,"Total",0
"151","ABW","PARKSAUSTRALIA_ABROLHOS_202306_ABW",2023-06-30,"Transit",1
"152","ABW","PARKSAUSTRALIA_ABROLHOS_202306_ABW",2023-06-30,"Maneuver",0
"153","ABW","PARKSAUSTRALIA_ABROLHOS_202306_ABW",2023-06-30,"Total",1
"154","ABW","PARKSAUSTRALIA_ABROLHOS_202306_ABW",2023-07-01,"Transit",0
"155","ABW","PARKSAUSTRALIA_ABROLHOS_202306_ABW",2023-07-01,"Maneuver",0
"156","ABW","PARKSAUSTRALIA_ABROLHOS_202306_ABW",2023-07-01,"Total",0
"157","ABW","PARKSAUSTRALIA_ABROLHOS_202306_ABW",2023-07-02,"Transit",2
"158","ABW","PARKSAUSTRALIA_ABROLHOS_202306_ABW",2023-07-02,"Maneuver",0
"159","ABW","PARKSAUSTRALIA_ABROLHOS_202306_ABW",2023-07-02,"Total",2
"160","ABW","PARKSAUSTRALIA_ABROLHOS_202306_ABW",2023-07-03,"Transit",1
"161","ABW","PARKSAUSTRALIA_ABROLHOS_202306_ABW",2023-07-03,"Maneuver",0
"162","ABW","PARKSAUSTRALIA_ABROLHOS_202306_ABW",2023-07-03,"Total",1
"163","ABW","PARKSAUSTRALIA_ABROLHOS_202306_ABW",2023-07-04,"Transit",1
"164","ABW","PARKSAUSTRALIA_ABROLHOS_202306_ABW",2023-07-04,"Maneuver",0
"165","ABW","PARKSAUSTRALIA_ABROLHOS_202306_ABW",2023-07-04,"Total",1
"166","ABW","PARKSAUSTRALIA_ABROLHOS_202306_ABW",2023-07-05,"Transit",0
"167","ABW","PARKSAUSTRALIA_ABROLHOS_202306_ABW",2023-07-05,"Maneuver",0
"168","ABW","PARKSAUSTRALIA_ABROLHOS_202306_ABW",2023-07-05,"Total",0
"169","ABW","PARKSAUSTRALIA_ABROLHOS_202306_ABW",2023-07-06,"Transit",2
"170","ABW","PARKSAUSTRALIA_ABROLHOS_202306_ABW",2023-07-06,"Maneuver",0
"171","ABW","PARKSAUSTRALIA_ABROLHOS_202306_ABW",2023-07-06,"Total",2
"172","ABW","PARKSAUSTRALIA_ABROLHOS_202306_ABW",2023-07-07,"Transit",1
"173","ABW","PARKSAUSTRALIA_ABROLHOS_202306_ABW",2023-07-07,"Maneuver",0
"174","ABW","PARKSAUSTRALIA_ABROLHOS_202306_ABW",2023-07-07,"Total",1
"175","ABW","PARKSAUSTRALIA_ABROLHOS_202306_ABW",2023-07-08,"Transit",2
"176","ABW","PARKSAUSTRALIA_ABROLHOS_202306_ABW",2023-07-08,"Maneuver",0
"177","ABW","PARKSAUSTRALIA_ABROLHOS_202306_ABW",2023-07-08,"Total",2
"178","ABW","PARKSAUSTRALIA_ABROLHOS_202306_ABW",2023-07-09,"Transit",2
"179","ABW","PARKSAUSTRALIA_ABROLHOS_202306_ABW",2023-07-09,"Maneuver",0
"180","ABW","PARKSAUSTRALIA_ABROLHOS_202306_ABW",2023-07-09,"Total",2
"181","ABW","PARKSAUSTRALIA_ABROLHOS_202306_ABW",2023-07-10,"Transit",2
"182","ABW","PARKSAUSTRALIA_ABROLHOS_202306_ABW",2023-07-10,"Maneuver",0
"183","ABW","PARKSAUSTRALIA_ABROLHOS_202306_ABW",2023-07-10,"Total",2
"184","ABW","PARKSAUSTRALIA_ABROLHOS_202306_ABW",2023-07-11,"Transit",1
"185","ABW","PARKSAUSTRALIA_ABROLHOS_202306_ABW",2023-07-11,"Maneuver",0
"186","ABW","PARKSAUSTRALIA_ABROLHOS_202306_ABW",2023-07-11,"Total",1
"187","ABW","PARKSAUSTRALIA_ABROLHOS_202306_ABW",2023-07-12,"Transit",0
"188","ABW","PARKSAUSTRALIA_ABROLHOS_202306_ABW",2023-07-12,"Maneuver",0
"189","ABW","PARKSAUSTRALIA_ABROLHOS_202306_ABW",2023-07-12,"Total",0
"190","ABW","PARKSAUSTRALIA_ABROLHOS_202306_ABW",2023-07-13,"Transit",0
"191","ABW","PARKSAUSTRALIA_ABROLHOS_202306_ABW",2023-07-13,"Maneuver",0
"192","ABW","PARKSAUSTRALIA_ABROLHOS_202306_ABW",2023-07-13,"Total",0
"193","ABW","PARKSAUSTRALIA_ABROLHOS_202306_ABW",2023-07-14,"Transit",0
"194","ABW","PARKSAUSTRALIA_ABROLHOS_202306_ABW",2023-07-14,"Maneuver",0
"195","ABW","PARKSAUSTRALIA_ABROLHOS_202306_ABW",2023-07-14,"Total",0
"196","ABW","PARKSAUSTRALIA_ABROLHOS_202306_ABW",2023-07-15,"Transit",1
"197","ABW","PARKSAUSTRALIA_ABROLHOS_202306_ABW",2023-07-15,"Maneuver",0
"198","ABW","PARKSAUSTRALIA_ABROLHOS_202306_ABW",2023-07-15,"Total",1
"199","ABW","PARKSAUSTRALIA_ABROLHOS_202306_ABW",2023-07-16,"Transit",4
"200","ABW","PARKSAUSTRALIA_ABROLHOS_202306_ABW",2023-07-16,"Maneuver",1
"201","ABW","PARKSAUSTRALIA_ABROLHOS_202306_ABW",2023-07-16,"Total",5
"202","ABW","PARKSAUSTRALIA_ABROLHOS_202306_ABW",2023-07-17,"Transit",1
"203","ABW","PARKSAUSTRALIA_ABROLHOS_202306_ABW",2023-07-17,"Maneuver",1
"204","ABW","PARKSAUSTRALIA_ABROLHOS_202306_ABW",2023-07-17,"Total",2
"205","ABW","PARKSAUSTRALIA_ABROLHOS_202306_ABW",2023-07-18,"Transit",2
"206","ABW","PARKSAUSTRALIA_ABROLHOS_202306_ABW",2023-07-18,"Maneuver",0
"207","ABW","PARKSAUSTRALIA_ABROLHOS_202306_ABW",2023-07-18,"Total",2
"208","ABW","PARKSAUSTRALIA_ABROLHOS_202306_ABW",2023-07-19,"Transit",1
"209","ABW","PARKSAUSTRALIA_ABROLHOS_202306_ABW",2023-07-19,"Maneuver",0
"210","ABW","PARKSAUSTRALIA_ABROLHOS_202306_ABW",2023-07-19,"Total",1
"211","ABW","PARKSAUSTRALIA_ABROLHOS_202306_ABW",2023-07-20,"Transit",2
"212","ABW","PARKSAUSTRALIA_ABROLHOS_202306_ABW",2023-07-20,"Maneuver",1
"213","ABW","PARKSAUSTRALIA_ABROLHOS_202306_ABW",2023-07-20,"Total",3
"214","ABW","PARKSAUSTRALIA_ABROLHOS_202306_ABW",2023-07-21,"Transit",0
"215","ABW","PARKSAUSTRALIA_ABROLHOS_202306_ABW",2023-07-21,"Maneuver",0
"216","ABW","PARKSAUSTRALIA_ABROLHOS_202306_ABW",2023-07-21,"Total",0
"217","ABW","PARKSAUSTRALIA_ABROLHOS_202306_ABW",2023-07-22,"Transit",0
"218","ABW","PARKSAUSTRALIA_ABROLHOS_202306_ABW",2023-07-22,"Maneuver",0
"219","ABW","PARKSAUSTRALIA_ABROLHOS_202306_ABW",2023-07-22,"Total",0
"220","ABW","PARKSAUSTRALIA_ABROLHOS_202306_ABW",2023-07-23,"Transit",0
"221","ABW","PARKSAUSTRALIA_ABROLHOS_202306_ABW",2023-07-23,"Maneuver",0
"222","ABW","PARKSAUSTRALIA_ABROLHOS_202306_ABW",2023-07-23,"Total",0
"223","ABW","PARKSAUSTRALIA_ABROLHOS_202306_ABW",2023-07-24,"Transit",0
"224","ABW","PARKSAUSTRALIA_ABROLHOS_202306_ABW",2023-07-24,"Maneuver",0
"225","ABW","PARKSAUSTRALIA_ABROLHOS_202306_ABW",2023-07-24,"Total",0
"226","ABW","PARKSAUSTRALIA_ABROLHOS_202306_ABW",2023-07-25,"Transit",0
"227","ABW","PARKSAUSTRALIA_ABROLHOS_202306_ABW",2023-07-25,"Maneuver",0
"228","ABW","PARKSAUSTRALIA_ABROLHOS_202306_ABW",2023-07-25,"Total",0
"229","ABW","PARKSAUSTRALIA_ABROLHOS_202306_ABW",2023-07-26,"Transit",1
"230","ABW","PARKSAUSTRALIA_ABROLHOS_202306_ABW",2023-07-26,"Maneuver",0
"231","ABW","PARKSAUSTRALIA_ABROLHOS_202306_ABW",2023-07-26,"Total",1
"232","ABW","PARKSAUSTRALIA_ABROLHOS_202306_ABW",2023-07-27,"Transit",2
"233","ABW","PARKSAUSTRALIA_ABROLHOS_202306_ABW",2023-07-27,"Maneuver",0
"234","ABW","PARKSAUSTRALIA_ABROLHOS_202306_ABW",2023-07-27,"Total",2
"235","ABW","PARKSAUSTRALIA_ABROLHOS_202306_ABW",2023-07-28,"Transit",0
"236","ABW","PARKSAUSTRALIA_ABROLHOS_202306_ABW",2023-07-28,"Maneuver",0
"237","ABW","PARKSAUSTRALIA_ABROLHOS_202306_ABW",2023-07-28,"Total",0
"238","ABW","PARKSAUSTRALIA_ABROLHOS_202306_ABW",2023-07-29,"Transit",1
"239","ABW","PARKSAUSTRALIA_ABROLHOS_202306_ABW",2023-07-29,"Maneuver",0
"240","ABW","PARKSAUSTRALIA_ABROLHOS_202306_ABW",2023-07-29,"Total",1
"241","ABW","PARKSAUSTRALIA_ABROLHOS_202306_ABW",2023-07-30,"Transit",0
"242","ABW","PARKSAUSTRALIA_ABROLHOS_202306_ABW",2023-07-30,"Maneuver",0
"243","ABW","PARKSAUSTRALIA_ABROLHOS_202306_ABW",2023-07-30,"Total",0
"244","ABW","PARKSAUSTRALIA_ABROLHOS_202306_ABW",2023-07-31,"Transit",0
"245","ABW","PARKSAUSTRALIA_ABROLHOS_202306_ABW",2023-07-31,"Maneuver",0
"246","ABW","PARKSAUSTRALIA_ABROLHOS_202306_ABW",2023-07-31,"Total",0
"247","ABW","PARKSAUSTRALIA_ABROLHOS_202306_ABW",2023-08-01,"Transit",0
"248","ABW","PARKSAUSTRALIA_ABROLHOS_202306_ABW",2023-08-01,"Maneuver",0
"249","ABW","PARKSAUSTRALIA_ABROLHOS_202306_ABW",2023-08-01,"Total",0
"250","ABW","PARKSAUSTRALIA_ABROLHOS_202306_ABW",2023-08-02,"Transit",2
"251","ABW","PARKSAUSTRALIA_ABROLHOS_202306_ABW",2023-08-02,"Maneuver",0
"252","ABW","PARKSAUSTRALIA_ABROLHOS_202306_ABW",2023-08-02,"Total",2
"253","ABW","PARKSAUSTRALIA_ABROLHOS_202306_ABW",2023-08-03,"Transit",3
"254","ABW","PARKSAUSTRALIA_ABROLHOS_202306_ABW",2023-08-03,"Maneuver",0
"255","ABW","PARKSAUSTRALIA_ABROLHOS_202306_ABW",2023-08-03,"Total",3
"256","ABW","PARKSAUSTRALIA_ABROLHOS_202306_ABW",2023-08-04,"Transit",1
"257","ABW","PARKSAUSTRALIA_ABROLHOS_202306_ABW",2023-08-04,"Maneuver",0
"258","ABW","PARKSAUSTRALIA_ABROLHOS_202306_ABW",2023-08-04,"Total",1
"259","ABW","PARKSAUSTRALIA_ABROLHOS_202306_ABW",2023-08-05,"Transit",1
"260","ABW","PARKSAUSTRALIA_ABROLHOS_202306_ABW",2023-08-05,"Maneuver",1
"261","ABW","PARKSAUSTRALIA_ABROLHOS_202306_ABW",2023-08-05,"Total",2
"262","ABW","PARKSAUSTRALIA_ABROLHOS_202306_ABW",2023-08-06,"Transit",0
"263","ABW","PARKSAUSTRALIA_ABROLHOS_202306_ABW",2023-08-06,"Maneuver",0
"264","ABW","PARKSAUSTRALIA_ABROLHOS_202306_ABW",2023-08-06,"Total",0
"265","ABW","PARKSAUSTRALIA_ABROLHOS_202306_ABW",2023-08-07,"Transit",1
"266","ABW","PARKSAUSTRALIA_ABROLHOS_202306_ABW",2023-08-07,"Maneuver",0
"267","ABW","PARKSAUSTRALIA_ABROLHOS_202306_ABW",2023-08-07,"Total",1
"268","ABW","PARKSAUSTRALIA_ABROLHOS_202306_ABW",2023-08-08,"Transit",5
"269","ABW","PARKSAUSTRALIA_ABROLHOS_202306_ABW",2023-08-08,"Maneuver",0
"270","ABW","PARKSAUSTRALIA_ABROLHOS_202306_ABW",2023-08-08,"Total",5
"271","ABW","PARKSAUSTRALIA_ABROLHOS_202306_ABW",2023-08-09,"Transit",1
"272","ABW","PARKSAUSTRALIA_ABROLHOS_202306_ABW",2023-08-09,"Maneuver",0
"273","ABW","PARKSAUSTRALIA_ABROLHOS_202306_ABW",2023-08-09,"Total",1
"274","ABW","PARKSAUSTRALIA_ABROLHOS_202306_ABW",2023-08-10,"Transit",1
"275","ABW","PARKSAUSTRALIA_ABROLHOS_202306_ABW",2023-08-10,"Maneuver",0
"276","ABW","PARKSAUSTRALIA_ABROLHOS_202306_ABW",2023-08-10,"Total",1
"277","ABW","PARKSAUSTRALIA_ABROLHOS_202306_ABW",2023-08-11,"Transit",0
"278","ABW","PARKSAUSTRALIA_ABROLHOS_202306_ABW",2023-08-11,"Maneuver",0
"279","ABW","PARKSAUSTRALIA_ABROLHOS_202306_ABW",2023-08-11,"Total",0
"280","ABW","PARKSAUSTRALIA_ABROLHOS_202306_ABW",2023-08-12,"Transit",1
"281","ABW","PARKSAUSTRALIA_ABROLHOS_202306_ABW",2023-08-12,"Maneuver",0
"282","ABW","PARKSAUSTRALIA_ABROLHOS_202306_ABW",2023-08-12,"Total",1
"283","ABW","PARKSAUSTRALIA_ABROLHOS_202306_ABW",2023-08-13,"Transit",0
"284","ABW","PARKSAUSTRALIA_ABROLHOS_202306_ABW",2023-08-13,"Maneuver",0
"285","ABW","PARKSAUSTRALIA_ABROLHOS_202306_ABW",2023-08-13,"Total",0
"286","ABW","PARKSAUSTRALIA_ABROLHOS_202306_ABW",2023-08-14,"Transit",2
"287","ABW","PARKSAUSTRALIA_ABROLHOS_202306_ABW",2023-08-14,"Maneuver",0
"288","ABW","PARKSAUSTRALIA_ABROLHOS_202306_ABW",2023-08-14,"Total",2
"289","ABW","PARKSAUSTRALIA_ABROLHOS_202306_ABW",2023-08-15,"Transit",1
"290","ABW","PARKSAUSTRALIA_ABROLHOS_202306_ABW",2023-08-15,"Maneuver",0
"291","ABW","PARKSAUSTRALIA_ABROLHOS_202306_ABW",2023-08-15,"Total",1
"292","ABW","PARKSAUSTRALIA_ABROLHOS_202306_ABW",2023-08-16,"Transit",1
"293","ABW","PARKSAUSTRALIA_ABROLHOS_202306_ABW",2023-08-16,"Maneuver",0
"294","ABW","PARKSAUSTRALIA_ABROLHOS_202306_ABW",2023-08-16,"Total",1
"295","ABW","PARKSAUSTRALIA_ABROLHOS_202306_ABW",2023-08-17,"Transit",0
"296","ABW","PARKSAUSTRALIA_ABROLHOS_202306_ABW",2023-08-17,"Maneuver",0
"297","ABW","PARKSAUSTRALIA_ABROLHOS_202306_ABW",2023-08-17,"Total",0
"298","ABW","PARKSAUSTRALIA_ABROLHOS_202306_ABW",2023-08-18,"Transit",1
"299","ABW","PARKSAUSTRALIA_ABROLHOS_202306_ABW",2023-08-18,"Maneuver",0
"300","ABW","PARKSAUSTRALIA_ABROLHOS_202306_ABW",2023-08-18,"Total",1
"301","ABW","PARKSAUSTRALIA_ABROLHOS_202306_ABW",2023-08-19,"Transit",0
"302","ABW","PARKSAUSTRALIA_ABROLHOS_202306_ABW",2023-08-19,"Maneuver",0
"303","ABW","PARKSAUSTRALIA_ABROLHOS_202306_ABW",2023-08-19,"Total",0
"304","ABW","PARKSAUSTRALIA_ABROLHOS_202306_ABW",2023-08-20,"Transit",0
"305","ABW","PARKSAUSTRALIA_ABROLHOS_202306_ABW",2023-08-20,"Maneuver",0
"306","ABW","PARKSAUSTRALIA_ABROLHOS_202306_ABW",2023-08-20,"Total",0
"307","ABW","PARKSAUSTRALIA_ABROLHOS_202306_ABW",2023-08-21,"Transit",0
"308","ABW","PARKSAUSTRALIA_ABROLHOS_202306_ABW",2023-08-21,"Maneuver",0
"309","ABW","PARKSAUSTRALIA_ABROLHOS_202306_ABW",2023-08-21,"Total",0
"310","ABW","PARKSAUSTRALIA_ABROLHOS_202306_ABW",2023-08-22,"Transit",0
"311","ABW","PARKSAUSTRALIA_ABROLHOS_202306_ABW",2023-08-22,"Maneuver",0
"312","ABW","PARKSAUSTRALIA_ABROLHOS_202306_ABW",2023-08-22,"Total",0
"313","ABW","PARKSAUSTRALIA_ABROLHOS_202306_ABW",2023-08-23,"Transit",0
"314","ABW","PARKSAUSTRALIA_ABROLHOS_202306_ABW",2023-08-23,"Maneuver",0
"315","ABW","PARKSAUSTRALIA_ABROLHOS_202306_ABW",2023-08-23,"Total",0
"316","ABW","PARKSAUSTRALIA_ABROLHOS_202306_ABW",2023-08-24,"Transit",2
"317","ABW","PARKSAUSTRALIA_ABROLHOS_202306_ABW",2023-08-24,"Maneuver",0
"318","ABW","PARKSAUSTRALIA_ABROLHOS_202306_ABW",2023-08-24,"Total",2
"319","ABW","PARKSAUSTRALIA_ABROLHOS_202306_ABW",2023-08-25,"Transit",3
"320","ABW","PARKSAUSTRALIA_ABROLHOS_202306_ABW",2023-08-25,"Maneuver",0
"321","ABW","PARKSAUSTRALIA_ABROLHOS_202306_ABW",2023-08-25,"Total",3
"322","ABW","PARKSAUSTRALIA_ABROLHOS_202306_ABW",2023-08-26,"Transit",2
"323","ABW","PARKSAUSTRALIA_ABROLHOS_202306_ABW",2023-08-26,"Maneuver",0
"324","ABW","PARKSAUSTRALIA_ABROLHOS_202306_ABW",2023-08-26,"Total",2
"325","ABW","PARKSAUSTRALIA_ABROLHOS_202306_ABW",2023-08-27,"Transit",0
"326","ABW","PARKSAUSTRALIA_ABROLHOS_202306_ABW",2023-08-27,"Maneuver",0
"327","ABW","PARKSAUSTRALIA_ABROLHOS_202306_ABW",2023-08-27,"Total",0
"328","ABW","PARKSAUSTRALIA_ABROLHOS_202306_ABW",2023-08-28,"Transit",0
"329","ABW","PARKSAUSTRALIA_ABROLHOS_202306_ABW",2023-08-28,"Maneuver",0
"330","ABW","PARKSAUSTRALIA_ABROLHOS_202306_ABW",2023-08-28,"Total",0
"331","ABW","PARKSAUSTRALIA_ABROLHOS_202306_ABW",2023-08-29,"Transit",0
"332","ABW","PARKSAUSTRALIA_ABROLHOS_202306_ABW",2023-08-29,"Maneuver",0
"333","ABW","PARKSAUSTRALIA_ABROLHOS_202306_ABW",2023-08-29,"Total",0
"334","ABW","PARKSAUSTRALIA_ABROLHOS_202306_ABW",2023-08-30,"Transit",0
"335","ABW","PARKSAUSTRALIA_ABROLHOS_202306_ABW",2023-08-30,"Maneuver",1
"336","ABW","PARKSAUSTRALIA_ABROLHOS_202306_ABW",2023-08-30,"Total",1
"337","ABW","PARKSAUSTRALIA_ABROLHOS_202306_ABW",2023-08-31,"Transit",3
"338","ABW","PARKSAUSTRALIA_ABROLHOS_202306_ABW",2023-08-31,"Maneuver",1
"339","ABW","PARKSAUSTRALIA_ABROLHOS_202306_ABW",2023-08-31,"Total",4
"340","ABW","PARKSAUSTRALIA_ABROLHOS_202306_ABW",2023-09-01,"Transit",2
"341","ABW","PARKSAUSTRALIA_ABROLHOS_202306_ABW",2023-09-01,"Maneuver",1
"342","ABW","PARKSAUSTRALIA_ABROLHOS_202306_ABW",2023-09-01,"Total",3
"343","ABW","PARKSAUSTRALIA_ABROLHOS_202306_ABW",2023-09-02,"Transit",1
"344","ABW","PARKSAUSTRALIA_ABROLHOS_202306_ABW",2023-09-02,"Maneuver",0
"345","ABW","PARKSAUSTRALIA_ABROLHOS_202306_ABW",2023-09-02,"Total",1
"346","ABW","PARKSAUSTRALIA_ABROLHOS_202306_ABW",2023-09-03,"Transit",0
"347","ABW","PARKSAUSTRALIA_ABROLHOS_202306_ABW",2023-09-03,"Maneuver",0
"348","ABW","PARKSAUSTRALIA_ABROLHOS_202306_ABW",2023-09-03,"Total",0
"349","ABW","PARKSAUSTRALIA_ABROLHOS_202306_ABW",2023-09-04,"Transit",2
"350","ABW","PARKSAUSTRALIA_ABROLHOS_202306_ABW",2023-09-04,"Maneuver",0
"351","ABW","PARKSAUSTRALIA_ABROLHOS_202306_ABW",2023-09-04,"Total",2
"352","ABW","PARKSAUSTRALIA_ABROLHOS_202306_ABW",2023-09-05,"Transit",1
"353","ABW","PARKSAUSTRALIA_ABROLHOS_202306_ABW",2023-09-05,"Maneuver",0
"354","ABW","PARKSAUSTRALIA_ABROLHOS_202306_ABW",2023-09-05,"Total",1
"355","ABW","PARKSAUSTRALIA_ABROLHOS_202306_ABW",2023-09-06,"Transit",0
"356","ABW","PARKSAUSTRALIA_ABROLHOS_202306_ABW",2023-09-06,"Maneuver",0
"357","ABW","PARKSAUSTRALIA_ABROLHOS_202306_ABW",2023-09-06,"Total",0
